{
    "name": [
        "Vanilla XGBoost",
        "XGBoost after Reweighting",
        "XGBoost with Disparate Impact Remover",
        "XGBoost with Learning Fair Representations"
    ],
    "balanced accuracy": [
        0.844072401331438,
        0.843669518240635,
        0.8256263081620776,
        0.5
    ],
    "disparate impact": [
        0.6148719415936063,
        0.7123390367692952,
        0.5699299006157921,
        NaN
    ],
    "accuracy": [
        0.8246480430456254,
        0.8323874106287315,
        0.7846981646642589,
        0.758310606619002
    ],
    "F1_score": [
        0.7084916064207817,
        0.7139622641509433,
        0.6701298701298701,
        NaN
    ],
    "false_omission_rate": [
        0.04467472654001151,
        0.0495728417266187,
        0.03904392441496684,
        0.241689393380998
    ],
    "false_omission_rate_ratio": [
        0.5098508868670159,
        0.41671751688227154,
        0.6401136586321771,
        0.5914336057532436
    ],
    "threshold_value": [
        0.23,
        0.26,
        0.19,
        0.01
    ]
}