{
    "name": [
        "Vanilla XGBoost",
        "XGBoost after Reweighting",
        "XGBoost with Disparate Impact Remover",
        "XGBoost with Learning Fair Representations",
        "Calibrated Equality of Odds",
        "Reject Option Classification"
    ],
    "balanced accuracy": [
        0.844072401331438,
        0.843669518240635,
        0.8256263081620776,
        0.5,
        0.20821938420515682,
        0.4277704667337318
    ],
    "disparate impact": [
        0.6148719415936063,
        0.7123390367692952,
        0.5699299006157921,
        NaN,
        1.0294670825790335,
        1.0124890540537497
    ],
    "accuracy": [
        0.8246480430456254,
        0.8323874106287315,
        0.7846981646642589,
        0.758310606619002,
        0.1390137834451242,
        0.20682538512567258
    ],
    "F1_score": [
        0.7084916064207817,
        0.7139622641509433,
        0.6701298701298701,
        NaN,
        0.16114901256732497,
        0.3426791277258567
    ],
    "false_omission_rate": [
        0.04467472654001151,
        0.0495728417266187,
        0.03904392441496684,
        0.241689393380998,
        0.7384457377610407,
        0.9978947368421053
    ],
    "false_omission_rate_ratio": [
        0.5098508868670159,
        0.41671751688227154,
        0.6401136586321771,
        0.5914336057532436,
        0.6533708316593009,
        0.9791666666666666
    ],
    "threshold_value": [
        0.23,
        0.26,
        0.19,
        0.01
    ]
}