{
    "name": [
        "Vanilla XGBoost",
        "Calibrated Equality of Odds",
        "Reject Option Classification"
    ],
    "balanced accuracy": [
        0.844072401331438,
        0.20821938420515682,
        0.4277704667337318
    ],
    "disparate impact": [
        0.6148719415936063,
        1.0294670825790335,
        1.0124890540537497
    ],
    "accuracy": [
        0.8246480430456254,
        0.1390137834451242,
        0.20682538512567258
    ],
    "F1_score": [
        0.7084916064207817,
        0.16114901256732497,
        0.3426791277258567
    ],
    "false_omission_rate": [
        0.04467472654001151,
        0.7384457377610407,
        0.9978947368421053
    ],
    "false_omission_rate_ratio": [
        0.5098508868670159,
        0.6533708316593009,
        0.9791666666666666
    ],
    "threshold_value": [
        0.23
    ]
}