{
    "name": [
        "Vanilla XGBoost",
        "XGBoost after Reweighting",
        "XGBoost with Learning Fair Representations",
        "XGBoost with Disparate Impact Remover",
        "Calibrated Equality of Odds",
        "Reject Option Classification"
    ],
    "balanced accuracy": [
        0.8445971910713803,
        0.8435905579808975,
        0.5,
        0.8367517459052151,
        0.21610568461222057,
        0.4277263449082497
    ],
    "disparate impact": [
        0.5242813547920613,
        0.6423257025790379,
        1.0,
        0.45746222909402207,
        0.9275685459528873,
        1.020129071437315
    ],
    "accuracy": [
        0.834303825458834,
        0.8245743347829292,
        0.24154197685560552,
        0.820667796860028,
        0.15161789636618264,
        0.2066779686002801
    ],
    "F1_score": [
        0.7159464240586304,
        0.7079754601226994,
        0.38909997625267156,
        0.7004063538973033,
        0.16254365541327123,
        0.342476632659295
    ],
    "false_omission_rate": [
        0.049720044792833144,
        0.04508856682769726,
        0.0,
        0.04963888570445948,
        0.6967741935483871,
        0.9978947368421053
    ],
    "false_omission_rate_ratio": [
        0.5952819332566168,
        0.4926419632301985,
        NaN,
        0.8346794275703784,
        0.4374751551845396,
        0.9714285714285714
    ],
    "threshold_value": [
        0.27,
        0.24000000000000002,
        0.01,
        0.29000000000000004
    ]
}